{"cameraMode":{"drawMode":0,"name":"Shaded","section":"Shading Mode"},"sceneLighting":true,"audioPlay":false,"sceneViewState":{"m_AlwaysRefresh":false,"showFog":true,"showSkybox":true,"showFlares":true,"showImageEffects":true,"showParticleSystems":true,"showVisualEffectGraphs":true,"m_FxEnabled":true},"in2DMode":false,"pivot":{"x":-24.539443969726564,"y":10.127487182617188,"z":73.98148345947266},"rotation":{"x":0.05962469428777695,"y":0.4739358127117157,"z":-0.03218677267432213,"w":0.8779489398002625},"size":87.55082702636719,"orthographic":false}