{"cameraMode":{"drawMode":0,"name":"Shaded","section":"Shading Mode"},"sceneLighting":true,"audioPlay":false,"sceneViewState":{"m_AlwaysRefresh":false,"showFog":true,"showSkybox":true,"showFlares":true,"showImageEffects":true,"showParticleSystems":true,"showVisualEffectGraphs":true,"m_FxEnabled":true},"in2DMode":false,"pivot":{"x":158.34188842773438,"y":252.15194702148438,"z":10.560699462890625},"rotation":{"x":0.0007045685779303312,"y":0.9982825517654419,"z":-0.05727395415306091,"w":0.012280426919460297},"size":216.59469604492188,"orthographic":false}